"Symbol","Name","Price (Intraday)","Change","Change %","Volume","YTD Return","3-Mo Return","1-Year Return","3-Year Return","5-Year Return","Net Expense Ratio","Gross Expense Ratio","Net Assets","Morningstar Rating","50 Day Avg","200 Day Average","Exchange","Funds by Category","Funds by Company"
"VCIT","Vanguard Intermediate-Term Corporate Bond Index Fund ETF Shares","83.19","-0.17","-0.20%","4.622M","0.70%","0.44%","9.40%","8.92%","-1.46%","0.03","0.03","66.029B","4","83.45","83.59","Nasdaq GM","Corporate Bond","Vanguard"
"VCSH","Vanguard Short-Term Corporate Bond Index Fund ETF Shares","79.36","-0.04","-0.06%","3.613M","0.67%","0.58%","6.77%","6.23%","-0.41%","0.03","0.03","48.492B","4","79.54","79.65","Nasdaq GM","Short-Term Bond","Vanguard"
"IGSB","iShares 1-5 Year Investment Grade Corporate Bond ETF","52.62","-0.03","-0.07%","986,091","0.70%","0.59%","6.93%","6.42%","-0.49%","0.04","0.04","21.914B","4","52.75","52.85","Nasdaq GM","Short-Term Bond","iShares"
"IGIB","iShares 5-10 Year Investment Grade Corporate Bond ETF","53.49","-0.10","-0.19%","1.026M","0.66%","0.38%","9.58%","9.17%","-1.65%","0.04","0.04","17.617B","4","53.67","53.76","Nasdaq GM","Corporate Bond","iShares"
"USIG","iShares Broad USD Investment Grade Corporate Bond ETF","51.49","-0.08","-0.16%","446,825","0.77%","0.30%","7.85%","8.70%","-1.29%","0.04","0.04","17.055B","3","51.62","51.79","Nasdaq GM","Corporate Bond","iShares"
"EMB","iShares J.P. Morgan USD Emerging Markets Bond ETF","95.98","-0.27","-0.28%","2.453M","1.31%","1.18%","13.45%","10.58%","-2.45%","0.39","0.39","14.12B","2","95.75","95.23","Nasdaq GM","Emerging Markets Bond","iShares"
"VCLT","Vanguard Long-Term Corporate Bond Index Fund ETF Shares","75.36","-0.40","-0.53%","1.228M","1.23%","-0.01%","7.28%","11.10%","-1.15%","0.03","0.03","8.196B","4","75.66","76.34","Nasdaq GM","Long-Term Bond","Vanguard"
"TBIL","F/m US Treasury 3 Month Bill Fund - ETF Class Shares","49.94","0.02","0.04%","993,113","","","","","","0.15","0.15","6.955B","","49.92","49.93","Nasdaq GM","Ultrashort Bond","F/m Investments LLC"
"VBIL","Vanguard 0-3 Month Treasury Bill ETF","75.56","0.01","0.02%","710,781","","","","","","0.06","0.06","6.67B","","75.53","75.50","Nasdaq GM","Ultrashort Bond","Vanguard"
"FTSM","First Trust Enhanced Short Maturity ETF","59.89","0.00","0.00%","982,855","0.94%","0.83%","4.62%","5.17%","0.04%","0.29","0.29","6.463B","2","59.93","59.98","Nasdaq GM","Ultrashort Bond","First Trust"
"VWOB","Vanguard Emerging Markets Government Bond Index Fund","67.07","-0.19","-0.28%","253,176","1.23%","1.12%","13.02%","10.47%","-1.93%","0.15","0.15","6.308B","3","66.95","66.84","Nasdaq GM","Emerging Markets Bond","Vanguard"
"ISTB","iShares Core 1-5 Year USD Bond ETF","48.49","-0.03","-0.05%","182,979","0.58%","0.60%","6.40%","5.55%","-0.61%","0.06","0.06","4.738B","3","48.62","48.70","Nasdaq GM","Short-Term Bond","iShares"
"ANGL","VanEck Fallen Angel High Yield Bond ETF","29.28","-0.04","-0.14%","288,423","1.48%","0.77%","9.10%","12.92%","7.25%","0.25","0.25","3.009B","4","29.18","29.33","Nasdaq GM","High Yield Bond","VanEck"
"SLQD","iShares 0-5 Year Investment Grade Corporate Bond ETF","50.51","-0.03","-0.05%","59,268","0.75%","0.66%","6.25%","5.99%","-0.44%","0.06","0.06","2.355B","4","50.61","50.67","Nasdaq GM","Short-Term Bond","iShares"
"USTB","VictoryShares Short-Term Bond ETF","50.59","0.02","0.03%","62,575","0.67%","0.54%","6.14%","6.65%","0.90%","0.34","0.34","2.022B","5","50.80","50.85","Nasdaq GM","Short-Term Bond","Victory Capital Management Inc."
"FALN","iShares Fallen Angels USD Bond ETF","27.17","-0.06","-0.20%","124,058","1.37%","0.52%","8.91%","14.02%","5.77%","0.25","0.25","1.749B","3","27.13","27.30","Nasdaq GM","High Yield Bond","iShares"
"HYLS","First Trust Tactical High Yield ETF","41.06","-0.06","-0.13%","135,940","-0.12%","-0.50%","7.80%","13.41%","3.61%","0.69","0.69","1.733B","2","41.02","41.66","Nasdaq GM","High Yield Bond","First Trust"
"VTC","Vanguard Total Corporate Bond ETF ETF Shares","77.16","-0.18","-0.23%","27,656","0.83%","0.28%","7.60%","8.64%","-1.40%","0.03","0.03","1.648B","3","77.41","77.73","Nasdaq GM","Corporate Bond","Vanguard"
"VRIG","Invesco Variable Rate Investment Grade ETF","25.07","-0.01","-0.06%","253,060","1.10%","0.90%","5.12%","7.28%","0.98%","0.30","0.30","1.483B","5","25.10","25.10","Nasdaq GM","Ultrashort Bond","Invesco"
"UYLD","Angel Oak Ultrashort Income ETF","51.13","0.01","0.02%","81,840","","","","","","0.34","0.55","1.389B","","51.19","51.21","Nasdaq GM","Ultrashort Bond","Angel Oak"
"SUSC","iShares ESG USD Corporate Bond ETF","23.25","-0.04","-0.19%","89,997","0.71%","0.28%","7.56%","8.48%","-1.33%","0.18","0.18","1.383B","2","23.31","23.38","Nasdaq GM","Corporate Bond","iShares"
"EVSD","Eaton Vance Short Duration Inco","51.16","-0.02","-0.04%","54,469","","","","","","0.24","0.24","1.143B","","51.30","51.40","Nasdaq GM","Short-Term Bond","Eaton Vance ETFs"
"SUSB","iShares ESG 1-5 Year USD Corporate Bond ETF","25.10","-0.00","-0.02%","24,747","0.59%","0.57%","6.72%","6.06%","-0.65%","0.12","0.12","1.078B","3","25.15","25.21","Nasdaq GM","Short-Term Bond","iShares"
"CARY","Angel Oak Income ETF","20.90","-0.00","-0.02%","87,092","","","","","","0.79","0.99","1.008B","","20.93","20.92","Nasdaq GM","Multisector Bond","Angel Oak"
"VGUS","Vanguard Ultra-Short Treasury ETF","75.57","0.01","0.01%","72,202","","","","","","0.07","0.07","898.344M","","75.55","75.52","Nasdaq GM","Ultrashort Bond","Vanguard"
"XBIL","F/m US Treasury 6 Month Bill ETF","50.12","0.01","0.03%","89,643","","","","","","0.15","0.15","766.527M","","50.10","50.11","Nasdaq GM","Ultrashort Bond","F/m Investments LLC"
"SKOR","FlexShares Credit-Scored US Corporate Bond Index Fund","48.78","-0.06","-0.11%","17,003","0.57%","0.42%","8.00%","7.54%","-1.20%","0.15","0.16","687.36M","4","48.91","49.02","Nasdaq GM","Corporate Bond","Flexshares Trust"
"FLDB","Fidelity Low Duration Bond ETF","50.40","0.01","0.01%","633","","","","","","0.20","0.20","405.606M","","50.42","50.52","Nasdaq GM","Ultrashort Bond","Fidelity Investments"
"FEMB","First Trust Emerging Markets Local Currency Bond ETF","30.11","0.00","0.00%","40,222","2.55%","1.63%","20.78%","16.82%","-13.35%","0.85","0.85","358.697M","3","29.85","29.51","Nasdaq GM","Emerging-Markets Local-Currency Bond","First Trust"
"HYZD","WisdomTree Interest Rate Hedged High Yield Bond Fund","22.52","-0.02","-0.09%","16,423","1.50%","0.83%","7.33%","11.96%","5.77%","0.43","0.43","224.035M","5","22.40","22.47","Nasdaq GM","Nontraditional Bond","WisdomTree"
"HYBI","NEOS Enhanced Income Credit Select ETF","49.61","-0.06","-0.12%","10,181","","","","","","0.68","0.70","209.231M","","49.84","50.33","Nasdaq GM","Nontraditional Bond","Neos Funds"
"HYXF","iShares ESG Advanced High Yield Corporate Bond ETF","46.79","-0.01","-0.01%","3,429","0.54%","0.03%","8.81%","12.47%","2.91%","0.35","0.35","194.165M","3","46.71","47.12","Nasdaq GM","High Yield Bond","iShares"
"SDSI","American Century Short Duration Strategic Income ETF","51.38","-0.03","-0.06%","8,756","","","","","","0.32","0.32","189.415M","","51.49","51.55","Nasdaq GM","Short-Term Bond","American Century Investments"
"TMB","Thornburg Multi Sector Bond ETF","25.59","-0.05","-0.18%","19,182","","","","","","0.55","0.55","176.651M","","25.66","25.63","Nasdaq GM","Multisector Bond","Thornburg"
"LDSF","First Trust Low Duration Strategic Focus ETF","19.05","0.01","0.05%","11,215","0.58%","0.22%","6.73%","6.61%","-0.33%","0.77","0.77","161.663M","3","19.06","19.10","Nasdaq GM","Short-Term Bond","First Trust"
"GTOQ","Invesco High Yield Systematic B","22.46","-0.01","-0.03%","4,346","","","","","","0.39","0.39","159.368M","","22.39","22.60","Nasdaq GM","High Yield Bond","Invesco"
"NUSB","Nuveen Ultra Short Income ETF","25.24","0.00","0.00%","7","","","","","","0.17","0.17","156.658M","","25.25","25.27","Nasdaq GM","Ultrashort Bond","Nuveen"
"UCRD","VictoryShares Corporate Bond ETF","21.58","0.00","0.00%","6","","","","","","0.40","0.47","150.488M","","21.67","21.69","Nasdaq GM","Corporate Bond","Victory Capital Management Inc."
"AOHY","Angel Oak High Yield Opportunities ETF","11.08","-0.02","-0.14%","13,026","","","","","","0.56","0.56","122.866M","","11.07","11.13","Nasdaq GM","High Yield Bond","Angel Oak"
"BRHY","iShares High Yield Active ETF","51.02","-0.01","-0.02%","2,801","","","","","","0.45","0.45","98.291M","","50.92","51.58","Nasdaq GM","High Yield Bond","iShares"
"EMCB","WisdomTree Emerging Markets Corporate Bond Fund","66.78","0.16","0.24%","800","0.78%","0.87%","8.86%","9.16%","-0.22%","0.61","0.61","98.259M","3","66.62","66.72","Nasdaq GM","Emerging Markets Bond","WisdomTree"
"AGZD","WisdomTree Interest Rate Hedged U.S. Aggregate Bond Fund","22.59","0.00","0.00%","3,309","1.50%","0.94%","4.22%","7.24%","0.36%","0.23","0.23","88.863M","3","22.53","22.47","Nasdaq GM","Nontraditional Bond","WisdomTree"
"HISF","First Trust High Income Strategic Focus ETF","44.81","-0.05","-0.11%","4,167","0.36%","0.05%","8.23%","6.50%","9.53%","0.83","0.83","86.481M","1","44.90","45.03","Nasdaq GM","Multisector Bond","First Trust"
"HBDC","Hilton Bdc Corporate Bond ETF","24.64","-0.08","-0.32%","584","","","","","","0.39","0.39","85.012M","","24.69","25.02","Nasdaq GM","Corporate Bond","Hilton Capital Management, LLC"
"AGGA","Astoria Dynamic Core US Fixed Income ETF","25.18","-0.02","-0.08%","3,935","","","","","","0.55","0.55","73.11M","","25.24","25.29","Nasdaq GM","Multisector Bond","Astoria Portfolio Advisors LLC"
"ABI","VictoryShares Pioneer Asset-Based Inc ETF","24.80","0.00","0.00%","21","","","","","","0.65","0.87","56.475M","","24.93","24.99","Nasdaq GM","Multisector Bond","Victory Capital Management Inc."
"DYFI","IDX Dynamic Fixed Income ETF","22.96","0.00","0.00%","12","","","","","","1.13","1.13","55.693M","","23.00","23.16","Nasdaq GM","Multisector Bond","IDX Advisors, LLC"
"DYNB","Hartford Dynamic Bond ETF","39.64","0.00","0.00%","612","","","","","","0.60","0.70","52.87M","","39.63","39.82","Nasdaq GM","Multisector Bond","Hartford Mutual Funds"
"ZTRE","F/M 3-Year Investment Grade Corporate Bond ETF","50.96","-0.01","-0.01%","382","","","","","","0.15","0.15","40.515M","","51.03","51.15","Nasdaq GM","Short-Term Bond","F/m investments, LLC"
"BREM","iShares Emerging Markets Bond Active ETF","51.38","0.00","0.00%","34","","","","","","0.50","0.50","37.264M","","51.04","51.02","Nasdaq GM","Emerging Markets Bond","iShares"
"TMSF","T. Rowe Price Multi-Sector Income ETF","50.18","0.00","0.00%","6","","","","","","0.37","0.37","30.773M","","49.92","50.17","Nasdaq GM","Multisector Bond","T. Rowe Price"
"ZTEN","F/M 10-Year Investment Grade Corporate Bond ETF","51.03","-0.09","-0.18%","302","","","","","","0.15","0.15","30.205M","","51.05","51.16","Nasdaq GM","Long-Term Bond","F/m investments, LLC"
"EYEG","AB Corporate Bond ETF","35.60","0.00","0.00%","7","","","","","","0.30","0.30","26.421M","","35.56","35.81","Nasdaq GM","Corporate Bond","AllianceBernstein"
"CCSB","Carbon Collective Short Duration Green Bond ETF","20.10","0.01","0.07%","5,962","","","","","","0.51","0.51","25.112M","","20.13","20.29","Nasdaq GM","Short-Term Bond","Carbon Collective Funds"
"ZTWO","F/M 2-Year Investment Grade Corporate Bond ETF","50.62","0.00","0.00%","1,373","","","","","","0.15","0.15","18.15M","","50.69","50.78","Nasdaq GM","Short-Term Bond","F/m investments, LLC"
"MULT","Franklin Multisector Income ETF","25.29","0.00","0.00%","1","","","","","","0.39","0.39","15.068M","","25.37","25.33","Nasdaq GM","Multisector Bond","Franklin Templeton Investments"
"DUKH","Ocean Park High Income ETF","24.12","0.00","0.00%","374","","","","","","1.07","4.01","11.237M","","24.20","24.39","Nasdaq GM","High Yield Bond","Ocean Park Asset Management ETF"
"CPHY","F/m Compoundr High Yield Bond E","51.21","0.00","0.00%","1,002","","","","","","0.35","0.35","3.54M","","51.21","50.95","Nasdaq GM","High Yield Bond","F/m investments, LLC"
"CMBO","Wayfinder Dynamic U.S. Interest Rate ETF","101.82","0.00","0.00%","110","","","","","","0.15","0.35","3.049M","","101.45","100.96","Nasdaq GM","Ultrashort Bond","Gladius Capital Management LP"
"SJLD","SanJac Alpha Low Duration ETF","25.26","0.00","0.00%","1","","","","","","0.35","0.35","2.513M","","25.36","25.36","Nasdaq GM","Short-Term Bond","SanJac"
